{
  "activeNotes": [
    {
      "id": "8e017bd2-4cf1-4c13-af04-92c55d86ce98",
      "content": "---\r\nlayout:     post\r\ntitle:      二维数组中的查找\r\nsubtitle:   剑指offer-牛客网\r\ndate:       2018-10-25\r\nauthor:     Y.\r\nheader-img: img/post-bg-cook.jpg\r\ncatalog: true\r\ntags:\r\n    - 剑指offer  \r\n    - 查找\r\n---  \r\n\r\n# 二维数组中的查找  \r\n## 题目描述  \r\n在一个二维数组中（每个一维数组的长度相同），每一行都按照从左到右递增的顺序排序，每一列都按照从上到下递增的顺序排序。请完成一个函数，输入这样的一个二维数组和一个整数，判断数组中是否含有该整数。  \r\n时间限制：1秒 空间限制：32768K  \r\n## 思路  \r\n左上角与右下角值为依题意为最值，故可先判断tatget是否在矩阵之中，之后对每一行进行查找，因每一行均为顺序且有序存储，故使用二分查找。  \r\n## 代码  \r\n```javascript  \r\nfunction Find(target, array)\r\n{\r\n    // write code here\r\n    function binarySearch(start, end, object, copyOfArray) {\r\n        if(start <= end){\r\n            if(object < copyOfArray[Math.floor((start + end) / 2)]) {\r\n                return arguments.callee(start, Math.floor((start + end) / 2) - 1, object, copyOfArray);\r\n            }else if(object == copyOfArray[Math.floor((start + end) / 2)]) {\r\n                return true;\r\n            }else if(object > copyOfArray[Math.floor((start + end) / 2)]) {\r\n                return arguments.callee(Math.floor((start + end) / 2) + 1, end, object, copyOfArray);\r\n            }\r\n        }else {\r\n            return false;\r\n        }\r\n    }\r\n    \r\n    \r\n    var col = array[0].length;\r\n    var row = array.length;\r\n    \r\n    if(target > array[row - 1][col - 1] || target < array[0][0]) {\r\n        return false;\r\n    }else {\r\n        for(var j = 0; j < row; j++) {\r\n            if(binarySearch(0, col - 1, target, array[j])) {\r\n                return true;\r\n            }\r\n        }\r\n        return false;\r\n    }\r\n}\r\n```  \r\n运行时间：92ms  \r\n占用内存： 7860k  \r\n## 最优解题思路  \r\n该矩阵不仅每一行上有序，在每一列上依然有序，找到一个起始点进行搜索，易知左上与右下的极值点不符合条件，因为右下/左上的点均大于或小于该点，不符合条件；故可以选择右上或左下的点，注意边界条件即可。  \r\n## 代码  \r\n```javascript  \r\nfunction Find(target, array)\r\n{\r\n    \r\n    var col = array[0].length;\r\n    var row = array.length;\r\n    \r\n    var j = col - 1;\r\n    var i = 0;\r\n    \r\n    while(i < row && j >= 0) {\r\n        if(array[i][j] < target) {\r\n            i++;\r\n        }else if(array[i][j] == target) {\r\n            return true;\r\n        }else {\r\n            j--;\r\n        }\r\n    }\r\n    return false;\r\n}\r\n```  \r\n运行时间：80毫秒  \r\n占用内存：8056k\r\n   \r\n",
      "creationDate": "2018-07-18T06:11:33.570Z",
      "lastModified": "2018-10-25T06:53:04.000Z"
    },
    {
      "id": "4bcd63d4-4594-4f90-8d41-8dc55e77e0b0",
      "content": "Welcome to Simplenote!\r\n \r\nTo create a new note, click on the new note button.\r\n \r\nTo search your notes, type in the search bar and enter any text. Simplenote will show you matching results instantly.\r\n \r\nGot a really important note? Open the note info bar and press the 'Pin to top' button to pin it to the top of the list.\r\n \r\nUse tags to help organize your notes. Look for the tag bar at the bottom of the note editor.\r\n \r\nDeleted notes go in the trash. You can restore them if you want, or empty the trash to get rid of them forever.\r\n \r\nYou can access your notes on the web and your other devices. Go to https://app.simplenote.com to get started.\r\n \r\nWe hope you enjoy using Simplenote!",
      "creationDate": "2018-07-18T06:11:23.798Z",
      "lastModified": "2018-07-18T06:11:23.798Z"
    }
  ],
  "trashedNotes": []
}